Workbook

Sheet Данные-самосвал NHL NTE240
B2: ячейки к заполнению поставщиком
B3: Карьерный автосамосвал | C3: Марка, модель | Y3: Примечания
A4: 1 | B4: Период | C4: Ед. изм. | D4: 0 | E4: =D4+1 -> 1 | F4: =E4+1 -> 2 | G4: =F4+1 -> 3 | H4: =G4+1 -> 4 | I4: =H4+1 -> 5 | J4: =I4+1 -> 6 | K4: =J4+1 -> 7 | L4: =K4+1 -> 8 | ... P4: =O4+1 -> 12 | Q4: 13 | R4: 14 | S4: 15 | T4: 16 | U4: 17 | V4: 18 | W4: 19 | X4: 20 | Y4: Учесть срок эксплуатации (в данном примере это 20 лет)
A5: =A4+1 -> 2 | B5: Габариты машины
A6: =A5+1 -> 3 | B6: Эксплуатационная ширина (по зеркалам) | C6: мм | D6: 8500 | E6: =D6 -> 8500 | F6: =E6 -> 8500 | G6: =F6 -> 8500 | H6: =G6 -> 8500 | I6: =H6 -> 8500 | J6: =I6 -> 8500 | K6: =J6 -> 8500 | L6: =K6 -> 8500 | ... X6: =W6 -> 8500 | Y6: Ширина по зеркалам
A7: =A6+1 -> 4 | B7: Высота по переднему козырьку | C7: мм | D7: 7300 | E7: =D7 -> 7300 | F7: =E7 -> 7300 | G7: =F7 -> 7300 | H7: =G7 -> 7300 | I7: =H7 -> 7300 | J7: =I7 -> 7300 | K7: =J7 -> 7300 | L7: =K7 -> 7300 | ... X7: =W7 -> 7300 | Y7: Высота по козырьку кузова
A8: =A7+1 -> 5 | B8: Габаритная длина | C8: мм | D8: 15600 | E8: =D8 -> 15600 | F8: =E8 -> 15600 | G8: =F8 -> 15600 | H8: =G8 -> 15600 | I8: =H8 -> 15600 | J8: =I8 -> 15600 | K8: =J8 -> 15600 | L8: =K8 -> 15600 | ... X8: =W8 -> 15600 | Y8: Длина с учетом переднего бампера с лестницей
A9: =A8+1 -> 6 | B9: Грузоподъемность | C9: тн | D9: 236 | E9: 236 | F9: 236 | G9: 236 | H9: 236 | I9: 236 | J9: 236 | K9: 236 | L9: 236 | M9: 236 | N9: 236 | O9: 236 | P9: 236 | Q9: 236 | R9: 236 | S9: 236 | T9: 236 | U9: 236 | V9: 236 | W9: 236 | X9: 236 | Y9: Номинальная грузоподъёмность
A10: =A9+1 -> 7 | B10: Геометрические параметры кузова (конфигурация, размеры) | C10: м³ | D10: 140 | E10: =D10 -> 140 | F10: =E10 -> 140 | G10: =F10 -> 140 | H10: =G10 -> 140 | I10: =H10 -> 140 | J10: =I10 -> 140 | K10: =J10 -> 140 | L10: =K10 -> 140 | ... X10: =W10 -> 140 | Y10: Стандартный кузов, SAE 2:1
A11: =A10+1 -> 8 | B11: Мощность двигателя | C11: л.с. | D11: 2500 | E11: 2500 | F11: 2500 | G11: 2500 | H11: 2500 | I11: 2500 | J11: 2500 | K11: 2500 | L11: 2500 | M11: 2500 | N11: 2500 | O11: 2500 | P11: 2500 | Q11: 2500 | R11: 2500 | S11: 2500 | T11: 2500 | U11: 2500 | V11: 2500 | W11: 2500 | X11: 2500 | Y11: Указана максимальная мощность двигателя
A12: =A11+1 -> 9 | B12: КТГ | E12: =(8760-E13-E14-E15)/8760 -> 0.93755029 | F12: =(8760-F13-F14-F15)/8760 -> 0.93038071 | G12: =(8760-G13-G14-G15)/8760 -> 0.92090265 | H12: =(8760-H13-H14-H15)/8760 -> 0.90840582 | I12: =(8760-I13-I14-I15)/8760 -> 0.93333289 | J12: =(8760-J13-J14-J15)/8760 -> 0.92172393 | K12: =(8760-K13-K14-K15)/8760 -> 0.93126858 | L12: =(8760-L13-L14-L15)/8760 -> 0.91113604 | ... X12: =(8760-X13-X14-X15)/8760 -> 0.92201249
A13: =A12+1 -> 10 | B13: простои на ТО | C13: час | E13: =ТО!G7 -> 173.404 | F13: =ТО!H7 -> 202.004 | G13: =ТО!I7 -> 173.404 | H13: =ТО!J7 -> 202.004 | I13: =ТО!K7 -> 173.404 | J13: =ТО!L7 -> 202.004 | K13: =ТО!M7 -> 202.004 | L13: =ТО!N7 -> 173.404 | ... X13: =ТО!Z7 -> 197.404
A14: =A13+1 -> 11 | B14: простои в ремонтах | C14: час | E14: =Ремонты!G8 -> 139 | F14: =Ремонты!H8 -> 175 | G14: =Ремонты!I8 -> 289 | H14: =Ремонты!J8 -> 373 | I14: =Ремонты!K8 -> 177 | J14: =Ремонты!L8 -> 253 | K14: =Ремонты!M8 -> 167 | L14: =Ремонты!N8 -> 377 | ... X14: =Ремонты!Z8 -> 255
A15: =A14+1 -> 12 | B15: ежесменный осмотр (20 минут в смену) | C15: час | E15: =(8760-E13-E14)/12*20/60 -> 234.65544 | F15: =(8760-F13-F14)/12*20/60 -> 232.861 | G15: =(8760-G13-G14)/12*20/60 -> 230.48878 | H15: =(8760-H13-H14)/12*20/60 -> 227.361 | I15: =(8760-I13-I14)/12*20/60 -> 233.59989 | J15: =(8760-J13-J14)/12*20/60 -> 230.69433 | K15: =(8760-K13-K14)/12*20/60 -> 233.08322 | L15: =(8760-L13-L14)/12*20/60 -> 228.04433 | ... X15: =(8760-X13-X14)/12*20/60 -> 230.76656
A16: =A15+1 -> 13 | B16: Время подъема кузова с грузом | C16: сек | D16: 22 | E16: =D16 -> 22 | F16: =E16 -> 22 | G16: =F16 -> 22 | H16: =G16 -> 22 | I16: =H16 -> 22 | J16: =I16 -> 22 | K16: =J16 -> 22 | L16: =K16 -> 22 | ... X16: =W16 -> 22
A17: =A16+1 -> 14 | B17: Время опускания кузова | C17: сек | D17: 15 | E17: =D17 -> 15 | F17: =E17 -> 15 | G17: =F17 -> 15 | H17: =G17 -> 15 | I17: =H17 -> 15 | J17: =I17 -> 15 | K17: =J17 -> 15 | L17: =K17 -> 15 | ... X17: =W17 -> 15
A18: =A17+1 -> 15 | B18: ТО, ТР, ПР, сервис (кроме/включая смазочных), моточас работы | C18: тыс.Юаней/год | E18: =SUM(E19:E22) -> 448.2533 | F18: =SUM(F19:F22) -> 631.6461 | G18: =SUM(G19:G22) -> 3852.9561 | H18: =SUM(H19:H22) -> 2038.5043 | I18: =SUM(I19:I22) -> 664.86544 | J18: =SUM(J19:J22) -> 3762.1227 | K18: =SUM(K19:K22) -> 614.71144 | L18: =SUM(L19:L22) -> 2161.7703 | ... X18: =SUM(X19:X22) -> 724.56957
A19: =A18+1 -> 16 | B19: ТО, включая смазочные | C19: тыс.Юаней/год | E19: =ТО!G9/1000 -> 274.82224 | F19: =ТО!H9/1000 -> 274.82224 | G19: =ТО!I9/1000 -> 274.82224 | H19: =ТО!J9/1000 -> 274.82224 | I19: =ТО!K9/1000 -> 274.82224 | J19: =ТО!L9/1000 -> 274.82224 | K19: =ТО!M9/1000 -> 274.82224 | L19: =ТО!N9/1000 -> 274.82224 | ... X19: =ТО!Z9/1000 -> 274.82224 | Y19: Стоимость ТО без учета смазочных материалов
A20: =A19+1 -> 17 | B20: планово-предупредительные (капитальные) ремонты | C20: тыс.Юаней/год | E20: =Ремонты!G10/1000 -> 0 | F20: =Ремонты!H10/1000 -> 151.6104 | G20: =Ремонты!I10/1000 -> 3293.5408 | H20: =Ремонты!J10/1000 -> 1329.6506 | I20: =Ремонты!K10/1000 -> 207.44414 | J20: =Ремонты!L10/1000 -> 3259.167 | K20: =Ремонты!M10/1000 -> 47.96174 | L20: =Ремонты!N10/1000 -> 1481.261 | ... X20: =Ремонты!Z10/1000 -> 237.35227
A21: =A20+1 -> 18 | B21: сервис (трудозатраты) - ТО | C21: тыс.Юаней/год | E21: =ТО!G10/1000 -> 126.06306 | F21: =ТО!H10/1000 -> 147.91346 | G21: =ТО!I10/1000 -> 126.06306 | H21: =ТО!J10/1000 -> 147.91346 | I21: =ТО!K10/1000 -> 126.06306 | J21: =ТО!L10/1000 -> 147.91346 | K21: =ТО!M10/1000 -> 147.91346 | L21: =ТО!N10/1000 -> 126.06306 | ... X21: =ТО!Z10/1000 -> 144.39906
A22: =A21+1 -> 19 | B22: сервис (трудозатраты) - ремонты | C22: тыс.Юаней/год | E22: =Ремонты!G11/1000 -> 47.368 | F22: =Ремонты!H11/1000 -> 57.3 | G22: =Ремонты!I11/1000 -> 158.53 | H22: =Ремонты!J11/1000 -> 286.118 | I22: =Ремонты!K11/1000 -> 56.536 | J22: =Ремонты!L11/1000 -> 80.22 | K22: =Ремонты!M11/1000 -> 144.014 | L22: =Ремонты!N11/1000 -> 279.624 | ... X22: =Ремонты!Z11/1000 -> 67.996 | Y22: На 1 час эксплуатации оборудования
A23: =A22+1 -> 20 | B23: Шины
A24: =A23+1 -> 21 | B24: типоразмер | D24: 50/80R57 | E24: 50/80R57 | F24: 50/80R57 | G24: 50/80R57 | H24: 50/80R57 | I24: 50/80R57 | J24: 50/80R57 | K24: 50/80R57 | L24: 50/80R57 | M24: 50/80R57 | N24: 50/80R57 | O24: 50/80R57 | P24: 50/80R57 | Q24: 50/80R57 | R24: 50/80R57 | S24: 50/80R57 | T24: 50/80R57 | U24: 50/80R57 | V24: 50/80R57 | W24: 50/80R57 | X24: 50/80R57 | Y24: Модель резины по выбору завода изготовителя (обычно это MAXAM)
A25: =A24+1 -> 22 | B25: Цена за единицу | D25: 0 | E25: =D25 -> 0 | F25: =E25 -> 0 | G25: =F25 -> 0 | H25: =G25 -> 0 | I25: =H25 -> 0 | J25: =I25 -> 0 | K25: =J25 -> 0 | L25: =K25 -> 0 | ... X25: =W25 -> 0 | Y25: Точная цена у Покупателя, такие шины Покупатель приобретает самостоятельно.
A26: =A25+1 -> 23 | B26: Топливо | Y26: Средний расход топлива в час при обычном режиме работы
A27: =A26+1 -> 24 | B27: Расход - легкие условия | C27: л/час | D27: 140 | E27: =D27 -> 140 | F27: =E27 -> 140 | G27: =F27 -> 140 | H27: =G27 -> 140 | I27: =H27 -> 140 | J27: =I27 -> 140 | K27: =J27 -> 140 | L27: =K27 -> 140 | ... X27: =W27 -> 140 | Y27: Средний расход - легкие условия
A28: =A27+1 -> 25 | B28: Расход - средние условия | C28: л/час | D28: 165 | E28: =D28 -> 165 | F28: =E28 -> 165 | G28: =F28 -> 165 | H28: =G28 -> 165 | I28: =H28 -> 165 | J28: =I28 -> 165 | K28: =J28 -> 165 | L28: =K28 -> 165 | ... X28: =W28 -> 165 | Y28: Средний расход - средние условия
A29: =A28+1 -> 26 | B29: Расход - тяжелые условия | C29: л/час | D29: 190 | E29: =D29 -> 190 | F29: =E29 -> 190 | G29: =F29 -> 190 | H29: =G29 -> 190 | I29: =H29 -> 190 | J29: =I29 -> 190 | K29: =J29 -> 190 | L29: =K29 -> 190 | ... X29: =W29 -> 190 | Y29: Средний расход - тяжелые условия
A30: =A29+1 -> 27 | B30: Сроки поставки | C30: мес | D30: От 6 до 14 | E30: =D30 -> От 6 до 14 | F30: =E30 -> От 6 до 14 | G30: =F30 -> От 6 до 14 | H30: =G30 -> От 6 до 14 | I30: =H30 -> От 6 до 14 | J30: =I30 -> От 6 до 14 | K30: =J30 -> От 6 до 14 | L30: =K30 -> От 6 до 14 | ... X30: =W30 -> От 6 до 14 | Y30: Сроки поставки зависят от количества самосвалов в партии и даты заказа.

Sheet ТО
B2: ячейки к заполнению поставщиком
B3: Расчетный КТГ | G3: ='Данные-самосвал NHL NTE240'!E12 -> 0.93755029 | H3: ='Данные-самосвал NHL NTE240'!F12 -> 0.93038071 | I3: ='Данные-самосвал NHL NTE240'!G12 -> 0.92090265 | J3: ='Данные-самосвал NHL NTE240'!H12 -> 0.90840582 | K3: ='Данные-самосвал NHL NTE240'!I12 -> 0.93333289 | L3: ='Данные-самосвал NHL NTE240'!J12 -> 0.92172393 | M3: ='Данные-самосвал NHL NTE240'!K12 -> 0.93126858 | N3: ='Данные-самосвал NHL NTE240'!L12 -> 0.91113604 | ... Z3: ='Данные-самосвал NHL NTE240'!X12 -> 0.92201249
B4: Год службы (год) | C4: Ед. изм. | G4: =E4+1 -> 1 | H4: =G4+1 -> 2 | I4: =H4+1 -> 3 | J4: =I4+1 -> 4 | K4: =J4+1 -> 5 | L4: =K4+1 -> 6 | M4: =L4+1 -> 7 | N4: =M4+1 -> 8 | O4: =N4+1 -> 9 | ... R4: =Q4+1 -> 12 | S4: 13 | T4: 14 | U4: 15 | V4: 16 | W4: 17 | X4: 18 | Y4: 19 | Z4: 20
B5: Наработка на начало года | C5: м/час | G5: 0 | H5: =G6+1 -> 7001 | I5: =H6+1 -> 14001 | J5: =I6+1 -> 21001 | K5: =J6+1 -> 28001 | L5: =K6+1 -> 35001 | M5: =L6+1 -> 42001 | N5: =M6+1 -> 49001 | O5: =N6+1 -> 56001 | ... Z5: =Y6+1 -> 133001
B6: Наработка на конец года | C6: м/час | F6: 7000 | G6: =F6 -> 7000 | H6: =G6+$F6 -> 14000 | I6: =H6+$F6 -> 21000 | J6: =I6+$F6 -> 28000 | K6: =J6+$F6 -> 35000 | L6: =K6+$F6 -> 42000 | M6: =L6+$F6 -> 49000 | N6: =M6+$F6 -> 56000 | O6: =N6+$F6 -> 63000 | ... R6: =Q6+$F6 -> 84000 | S6: 91000 | T6: 98000 | U6: 105000 | V6: 112000 | W6: 119000 | X6: 126000 | Y6: 133000 | Z6: 140000
B7: длительность простоев на ТО | C7: часов | G7: =G13 -> 173.404 | H7: =H13 -> 202.004 | I7: =I13 -> 173.404 | J7: =J13 -> 202.004 | K7: =K13 -> 173.404 | L7: =L13 -> 202.004 | M7: =M13 -> 202.004 | N7: =N13 -> 173.404 | ... Z7: =Z13 -> 197.404
B8: Затраты на ТО | C8: Юаней в /год | G8: =SUM(G9:G10) -> 400885.3 | H8: =SUM(H9:H10) -> 422735.7 | I8: =SUM(I9:I10) -> 400885.3 | J8: =SUM(J9:J10) -> 422735.7 | K8: =SUM(K9:K10) -> 400885.3 | L8: =SUM(L9:L10) -> 422735.7 | M8: =SUM(M9:M10) -> 422735.7 | N8: =SUM(N9:N10) -> 400885.3 | ... Z8: =SUM(Z9:Z10) -> 419221.3
B9: ТО, включая масла и смазки | C9: Юаней в /год | G9: =G22 -> 274822.24 | H9: =H22 -> 274822.24 | I9: =I22 -> 274822.24 | J9: =J22 -> 274822.24 | K9: =K22 -> 274822.24 | L9: =L22 -> 274822.24 | M9: =M22 -> 274822.24 | N9: =N22 -> 274822.24 | ... Z9: =Z22 -> 274822.24
B10: сервис (трудозатраты) на ТО | C10: Юаней в /год | F10: 191 | G10: =SUMPRODUCT(G14:G19,$F$14:$F$19)*$F10 -> 126063.06 | H10: =SUMPRODUCT(H14:H19,$F$14:$F$19)*$F10 -> 147913.46 | I10: =SUMPRODUCT(I14:I19,$F$14:$F$19)*$F10 -> 126063.06 | J10: =SUMPRODUCT(J14:J19,$F$14:$F$19)*$F10 -> 147913.46 | K10: =SUMPRODUCT(K14:K19,$F$14:$F$19)*$F10 -> 126063.06 | L10: =SUMPRODUCT(L14:L19,$F$14:$F$19)*$F10 -> 147913.46 | M10: =SUMPRODUCT(M14:M19,$F$14:$F$19)*$F10 -> 147913.46 | N10: =SUMPRODUCT(N14:N19,$F$14:$F$19)*$F10 -> 126063.06 | ... Z10: =SUMPRODUCT(Z14:Z19,$F$14:$F$19)*$F10 -> 144399.06
B12: Простои оборудования на ТО | C12: Интервал ТО | D12: Длительность простоя на одном ТО, час | E12: Кол-во ТО в год | F12: Занято человек | G12: Простоев в год, час | H12: Простоев в год, час | I12: Простоев в год, час | J12: Простоев в год, час | K12: Простоев в год, час | L12: Простоев в год, час | M12: Простоев в год, час | N12: Простоев в год, час | O12: Простоев в год, час | P12: Простоев в год, час | Q12: Простоев в год, час | R12: Простоев в год, час | S12: Простоев в год, час | T12: Простоев в год, час | U12: Простоев в год, час | V12: Простоев в год, час | W12: Простоев в год, час | X12: Простоев в год, час | Y12: Простоев в год, час | Z12: Простоев в год, час
B13: всего простоев на ТО, часов | G13: =SUM(G14:G19) -> 173.404 | H13: =SUM(H14:H19) -> 202.004 | I13: =SUM(I14:I19) -> 173.404 | J13: =SUM(J14:J19) -> 202.004 | K13: =SUM(K14:K19) -> 173.404 | L13: =SUM(L14:L19) -> 202.004 | M13: =SUM(M14:M19) -> 202.004 | N13: =SUM(N14:N19) -> 173.404 | ... Z13: =SUM(Z14:Z19) -> 197.404
B14: ТО-1 | C14: 250 | D14: =6/2.5 -> 2.4 | E14: 14 | F14: 3 | G14: =$E14*$D14 -> 33.6 | H14: =$E14*$D14 -> 33.6 | I14: =$E14*$D14 -> 33.6 | J14: =$E14*$D14 -> 33.6 | K14: =$E14*$D14 -> 33.6 | L14: =$E14*$D14 -> 33.6 | M14: =$E14*$D14 -> 33.6 | N14: =$E14*$D14 -> 33.6 | ... Z14: =$E14*$D14 -> 33.6
B15: ТО-2 | C15: 500 | D15: =20.83/2.5 -> 8.332 | E15: 7 | F15: 4 | G15: =$E15*$D15 -> 58.324 | H15: =$E15*$D15 -> 58.324 | I15: =$E15*$D15 -> 58.324 | J15: =$E15*$D15 -> 58.324 | K15: =$E15*$D15 -> 58.324 | L15: =$E15*$D15 -> 58.324 | M15: =$E15*$D15 -> 58.324 | N15: =$E15*$D15 -> 58.324 | ... Z15: =$E15*$D15 -> 58.324
B16: ТО-3 | C16: 1000 | D16: =24.2/2.5 -> 9.68 | E16: 3 | F16: 4 | G16: =$E16*$D16 -> 29.04 | H16: =$E16*$D16 -> 29.04 | I16: =$E16*$D16 -> 29.04 | J16: =$E16*$D16 -> 29.04 | K16: =$E16*$D16 -> 29.04 | L16: =$E16*$D16 -> 29.04 | M16: =$E16*$D16 -> 29.04 | N16: =$E16*$D16 -> 29.04 | ... Z16: =$E16*$D16 -> 29.04
B17: ТО-4 | C17: 2000 | D17: =28.2/2.5 -> 11.28 | E17: 3 | F17: 4 | G17: =$E17*$D17 -> 33.84 | H17: =$E17*$D17 -> 33.84 | I17: =$E17*$D17 -> 33.84 | J17: =$E17*$D17 -> 33.84 | K17: =$E17*$D17 -> 33.84 | L17: =$E17*$D17 -> 33.84 | M17: =$E17*$D17 -> 33.84 | N17: =$E17*$D17 -> 33.84 | ... Z17: =$E17*$D17 -> 33.84
B18: ТО-5 | C18: 5000 | D18: =46.5/2.5 -> 18.6 | E18: 1 | F18: 4 | G18: =$E18*$D18 -> 18.6 | H18: =$E18*$D18 -> 18.6 | I18: =$E18*$D18 -> 18.6 | J18: =$E18*$D18 -> 18.6 | K18: =$E18*$D18 -> 18.6 | L18: =$E18*$D18 -> 18.6 | M18: =$E18*$D18 -> 18.6 | N18: =$E18*$D18 -> 18.6 | ... Z18: =$E18*$D18 -> 18.6
B19: ТО-6 | C19: 10000 | D19: =71.5/2.5 -> 28.6 | F19: 4 | H19: =$D19 -> 28.6 | J19: =$D19 -> 28.6 | L19: =$D19 -> 28.6 | M19: =$D19 -> 28.6 | O19: =$D19 -> 28.6 | Q19: =$D19 -> 28.6 | R19: =$D19 -> 28.6 | T19: 24 | U19: 24 | W19: 24 | X19: 24 | Z19: 24
B21: Затраты на ТО | C21: Каталожный номер | D21: стоимость за ед., ¥ | E21: Кол-во | F21: Кол-во ТО в год | G21: ¥ | H21: =G21 -> ¥ | I21: =H21 -> ¥ | J21: =I21 -> ¥ | K21: =J21 -> ¥ | L21: =K21 -> ¥ | M21: =L21 -> ¥ | N21: =M21 -> ¥ | O21: =N21 -> ¥ | ... Z21: =Y21 -> ¥
B22: ТО | G22: =SUM(G23:G52) -> 274822.24 | H22: =SUM(H23:H52) -> 274822.24 | I22: =SUM(I23:I52) -> 274822.24 | J22: =SUM(J23:J52) -> 274822.24 | K22: =SUM(K23:K52) -> 274822.24 | L22: =SUM(L23:L52) -> 274822.24 | M22: =SUM(M23:M52) -> 274822.24 | N22: =SUM(N23:N52) -> 274822.24 | ... Z22: =SUM(Z23:Z52) -> 274822.24
B23: ТО-1 | E23: =VLOOKUP($B23,$B$14:$C$19,2,FALSE) -> 250 | F23: =VLOOKUP($B23,$B$14:$E$19,4,FALSE) -> 14
B24: фильтр | C24: 4323856 | D24: 446.41 | E24: 1 | G24: =IF(G$14=0,0,G$14/$D$14*$E24*$D24) -> 6249.74 | H24: =IF(H$14=0,0,H$14/$D$14*$E24*$D24) -> 6249.74 | I24: =IF(I$14=0,0,I$14/$D$14*$E24*$D24) -> 6249.74 | J24: =IF(J$14=0,0,J$14/$D$14*$E24*$D24) -> 6249.74 | K24: =IF(K$14=0,0,K$14/$D$14*$E24*$D24) -> 6249.74 | L24: =IF(L$14=0,0,L$14/$D$14*$E24*$D24) -> 6249.74 | M24: =IF(M$14=0,0,M$14/$D$14*$E24*$D24) -> 6249.74 | N24: =IF(N$14=0,0,N$14/$D$14*$E24*$D24) -> 6249.74 | ... Z24: =IF(Z$14=0,0,Z$14/$D$14*$E24*$D24) -> 6249.74
B25: фильтр | C25: 5375337 | D25: 1131.08 | E25: 4 | G25: =IF(G$14=0,0,G$14/$D$14*$E25*$D25) -> 63340.48 | H25: =IF(H$14=0,0,H$14/$D$14*$E25*$D25) -> 63340.48 | I25: =IF(I$14=0,0,I$14/$D$14*$E25*$D25) -> 63340.48 | J25: =IF(J$14=0,0,J$14/$D$14*$E25*$D25) -> 63340.48 | K25: =IF(K$14=0,0,K$14/$D$14*$E25*$D25) -> 63340.48 | L25: =IF(L$14=0,0,L$14/$D$14*$E25*$D25) -> 63340.48 | M25: =IF(M$14=0,0,M$14/$D$14*$E25*$D25) -> 63340.48 | N25: =IF(N$14=0,0,N$14/$D$14*$E25*$D25) -> 63340.48 | ... Z25: =IF(Z$14=0,0,Z$14/$D$14*$E25*$D25) -> 63340.48
B26: фильтр | C26: 2881458 | D26: 1711.91 | E26: 3 | G26: =IF(G$14=0,0,G$14/$D$14*$E26*$D26) -> 71900.22 | H26: =IF(H$14=0,0,H$14/$D$14*$E26*$D26) -> 71900.22 | I26: =IF(I$14=0,0,I$14/$D$14*$E26*$D26) -> 71900.22 | J26: =IF(J$14=0,0,J$14/$D$14*$E26*$D26) -> 71900.22 | K26: =IF(K$14=0,0,K$14/$D$14*$E26*$D26) -> 71900.22 | L26: =IF(L$14=0,0,L$14/$D$14*$E26*$D26) -> 71900.22 | M26: =IF(M$14=0,0,M$14/$D$14*$E26*$D26) -> 71900.22 | N26: =IF(N$14=0,0,N$14/$D$14*$E26*$D26) -> 71900.22 | ... Z26: =IF(Z$14=0,0,Z$14/$D$14*$E26*$D26) -> 71900.22
B27: масло 15W-40 | C27: 0 | D27: 0 | E27: 280 | G27: =IF(G$14=0,0,G$14/$D$14*$E27*$D27) -> 0 | H27: =IF(H$14=0,0,H$14/$D$14*$E27*$D27) -> 0 | I27: =IF(I$14=0,0,I$14/$D$14*$E27*$D27) -> 0 | J27: =IF(J$14=0,0,J$14/$D$14*$E27*$D27) -> 0 | K27: =IF(K$14=0,0,K$14/$D$14*$E27*$D27) -> 0 | L27: =IF(L$14=0,0,L$14/$D$14*$E27*$D27) -> 0 | M27: =IF(M$14=0,0,M$14/$D$14*$E27*$D27) -> 0 | N27: =IF(N$14=0,0,N$14/$D$14*$E27*$D27) -> 0 | ... Z27: =IF(Z$14=0,0,Z$14/$D$14*$E27*$D27) -> 0
B28: смазка 1-100 HD | C28: 0 | D28: 0 | E28: 50 | G28: =IF(G$14=0,0,G$14/$D$14*$E28*$D28) -> 0 | H28: =IF(H$14=0,0,H$14/$D$14*$E28*$D28) -> 0 | I28: =IF(I$14=0,0,I$14/$D$14*$E28*$D28) -> 0 | J28: =IF(J$14=0,0,J$14/$D$14*$E28*$D28) -> 0 | K28: =IF(K$14=0,0,K$14/$D$14*$E28*$D28) -> 0 | L28: =IF(L$14=0,0,L$14/$D$14*$E28*$D28) -> 0 | M28: =IF(M$14=0,0,M$14/$D$14*$E28*$D28) -> 0 | N28: =IF(N$14=0,0,N$14/$D$14*$E28*$D28) -> 0 | ... Z28: =IF(Z$14=0,0,Z$14/$D$14*$E28*$D28) -> 0
B29: антифриз HD Long Life | C29: 0 | D29: 0 | E29: 40 | G29: =IF(G$14=0,0,G$14/$D$14*$E29*$D29) -> 0 | H29: =IF(H$14=0,0,H$14/$D$14*$E29*$D29) -> 0 | I29: =IF(I$14=0,0,I$14/$D$14*$E29*$D29) -> 0 | J29: =IF(J$14=0,0,J$14/$D$14*$E29*$D29) -> 0 | K29: =IF(K$14=0,0,K$14/$D$14*$E29*$D29) -> 0 | L29: =IF(L$14=0,0,L$14/$D$14*$E29*$D29) -> 0 | M29: =IF(M$14=0,0,M$14/$D$14*$E29*$D29) -> 0 | N29: =IF(N$14=0,0,N$14/$D$14*$E29*$D29) -> 0 | ... Z29: =IF(Z$14=0,0,Z$14/$D$14*$E29*$D29) -> 0
B30: ТО-2 | E30: =VLOOKUP($B30,$B$14:$C$19,2,FALSE) -> 500 | F30: =VLOOKUP($B30,$B$14:$E$19,4,FALSE) -> 7
B31: фильтр | C31: 916254 / 20059910 | D31: 1146.86 | E31: 3 | G31: =IF(G$15=0,0,G$15/$D$15*$E31*$D31) -> 24084.06 | H31: =IF(H$15=0,0,H$15/$D$15*$E31*$D31) -> 24084.06 | I31: =IF(I$15=0,0,I$15/$D$15*$E31*$D31) -> 24084.06 | J31: =IF(J$15=0,0,J$15/$D$15*$E31*$D31) -> 24084.06 | K31: =IF(K$15=0,0,K$15/$D$15*$E31*$D31) -> 24084.06 | L31: =IF(L$15=0,0,L$15/$D$15*$E31*$D31) -> 24084.06 | M31: =IF(M$15=0,0,M$15/$D$15*$E31*$D31) -> 24084.06 | N31: =IF(N$15=0,0,N$15/$D$15*$E31*$D31) -> 24084.06 | ... Z31: =IF(Z$15=0,0,Z$15/$D$15*$E31*$D31) -> 24084.06
B32: фильтр | C32: 20070596 | D32: 5185.61 | E32: 1 | G32: =IF(G$15=0,0,G$15/$D$15*$E32*$D32) -> 36299.27 | H32: =IF(H$15=0,0,H$15/$D$15*$E32*$D32) -> 36299.27 | I32: =IF(I$15=0,0,I$15/$D$15*$E32*$D32) -> 36299.27 | J32: =IF(J$15=0,0,J$15/$D$15*$E32*$D32) -> 36299.27 | K32: =IF(K$15=0,0,K$15/$D$15*$E32*$D32) -> 36299.27 | L32: =IF(L$15=0,0,L$15/$D$15*$E32*$D32) -> 36299.27 | M32: =IF(M$15=0,0,M$15/$D$15*$E32*$D32) -> 36299.27 | N32: =IF(N$15=0,0,N$15/$D$15*$E32*$D32) -> 36299.27 | ... Z32: =IF(Z$15=0,0,Z$15/$D$15*$E32*$D32) -> 36299.27
B33: фильтр | C33: 4328043 | D33: 2381.38 | E33: 1 | G33: =IF(G$15=0,0,G$15/$D$15*$E33*$D33) -> 16669.66 | H33: =IF(H$15=0,0,H$15/$D$15*$E33*$D33) -> 16669.66 | I33: =IF(I$15=0,0,I$15/$D$15*$E33*$D33) -> 16669.66 | J33: =IF(J$15=0,0,J$15/$D$15*$E33*$D33) -> 16669.66 | K33: =IF(K$15=0,0,K$15/$D$15*$E33*$D33) -> 16669.66 | L33: =IF(L$15=0,0,L$15/$D$15*$E33*$D33) -> 16669.66 | M33: =IF(M$15=0,0,M$15/$D$15*$E33*$D33) -> 16669.66 | N33: =IF(N$15=0,0,N$15/$D$15*$E33*$D33) -> 16669.66 | ... Z33: =IF(Z$15=0,0,Z$15/$D$15*$E33*$D33) -> 16669.66
B34: фильтр | C34: 3100308 | D34: 133.17 | E34: 2 | G34: =IF(G$15=0,0,G$15/$D$15*$E34*$D34) -> 1864.38 | H34: =IF(H$15=0,0,H$15/$D$15*$E34*$D34) -> 1864.38 | I34: =IF(I$15=0,0,I$15/$D$15*$E34*$D34) -> 1864.38 | J34: =IF(J$15=0,0,J$15/$D$15*$E34*$D34) -> 1864.38 | K34: =IF(K$15=0,0,K$15/$D$15*$E34*$D34) -> 1864.38 | L34: =IF(L$15=0,0,L$15/$D$15*$E34*$D34) -> 1864.38 | M34: =IF(M$15=0,0,M$15/$D$15*$E34*$D34) -> 1864.38 | N34: =IF(N$15=0,0,N$15/$D$15*$E34*$D34) -> 1864.38 | ... Z34: =IF(Z$15=0,0,Z$15/$D$15*$E34*$D34) -> 1864.38
B35: ТО-3 | E35: =VLOOKUP($B35,$B$14:$C$19,2,FALSE) -> 1000 | F35: =VLOOKUP($B35,$B$14:$E$19,4,FALSE) -> 3
B36: фильтр | C36: UR24465 | D36: 810 | E36: 2 | G36: =IF(G$16=0,0,G$16/$D$16*$E36*$D36) -> 4860 | H36: =IF(H$16=0,0,H$16/$D$16*$E36*$D36) -> 4860 | I36: =IF(I$16=0,0,I$16/$D$16*$E36*$D36) -> 4860 | J36: =IF(J$16=0,0,J$16/$D$16*$E36*$D36) -> 4860 | K36: =IF(K$16=0,0,K$16/$D$16*$E36*$D36) -> 4860 | L36: =IF(L$16=0,0,L$16/$D$16*$E36*$D36) -> 4860 | M36: =IF(M$16=0,0,M$16/$D$16*$E36*$D36) -> 4860 | N36: =IF(N$16=0,0,N$16/$D$16*$E36*$D36) -> 4860 | ... Z36: =IF(Z$16=0,0,Z$16/$D$16*$E36*$D36) -> 4860
B37: фильтр | C37: 20042559 | D37: 814.95 | E37: 4 | G37: =IF(G$16=0,0,G$16/$D$16*$E37*$D37) -> 9779.4 | H37: =IF(H$16=0,0,H$16/$D$16*$E37*$D37) -> 9779.4 | I37: =IF(I$16=0,0,I$16/$D$16*$E37*$D37) -> 9779.4 | J37: =IF(J$16=0,0,J$16/$D$16*$E37*$D37) -> 9779.4 | K37: =IF(K$16=0,0,K$16/$D$16*$E37*$D37) -> 9779.4 | L37: =IF(L$16=0,0,L$16/$D$16*$E37*$D37) -> 9779.4 | M37: =IF(M$16=0,0,M$16/$D$16*$E37*$D37) -> 9779.4 | N37: =IF(N$16=0,0,N$16/$D$16*$E37*$D37) -> 9779.4 | ... Z37: =IF(Z$16=0,0,Z$16/$D$16*$E37*$D37) -> 9779.4
B38: фильтр | C38: 20042560 | D38: 1895.1 | E38: 4 | G38: =IF(G$16=0,0,G$16/$D$16*$E38*$D38) -> 22741.2 | H38: =IF(H$16=0,0,H$16/$D$16*$E38*$D38) -> 22741.2 | I38: =IF(I$16=0,0,I$16/$D$16*$E38*$D38) -> 22741.2 | J38: =IF(J$16=0,0,J$16/$D$16*$E38*$D38) -> 22741.2 | K38: =IF(K$16=0,0,K$16/$D$16*$E38*$D38) -> 22741.2 | L38: =IF(L$16=0,0,L$16/$D$16*$E38*$D38) -> 22741.2 | M38: =IF(M$16=0,0,M$16/$D$16*$E38*$D38) -> 22741.2 | N38: =IF(N$16=0,0,N$16/$D$16*$E38*$D38) -> 22741.2 | ... Z38: =IF(Z$16=0,0,Z$16/$D$16*$E38*$D38) -> 22741.2
B39: фильтр | C39: 20039876 | D39: 3242.88 | E39: 1 | G39: =IF(G$16=0,0,G$16/$D$16*$E39*$D39) -> 9728.64 | H39: =IF(H$16=0,0,H$16/$D$16*$E39*$D39) -> 9728.64 | I39: =IF(I$16=0,0,I$16/$D$16*$E39*$D39) -> 9728.64 | J39: =IF(J$16=0,0,J$16/$D$16*$E39*$D39) -> 9728.64 | K39: =IF(K$16=0,0,K$16/$D$16*$E39*$D39) -> 9728.64 | L39: =IF(L$16=0,0,L$16/$D$16*$E39*$D39) -> 9728.64 | M39: =IF(M$16=0,0,M$16/$D$16*$E39*$D39) -> 9728.64 | N39: =IF(N$16=0,0,N$16/$D$16*$E39*$D39) -> 9728.64 | ... Z39: =IF(Z$16=0,0,Z$16/$D$16*$E39*$D39) -> 9728.64
B40: фильтр | C40: 20046992 | D40: 64.4 | E40: 1 | G40: =IF(G$16=0,0,G$16/$D$16*$E40*$D40) -> 193.2 | H40: =IF(H$16=0,0,H$16/$D$16*$E40*$D40) -> 193.2 | I40: =IF(I$16=0,0,I$16/$D$16*$E40*$D40) -> 193.2 | J40: =IF(J$16=0,0,J$16/$D$16*$E40*$D40) -> 193.2 | K40: =IF(K$16=0,0,K$16/$D$16*$E40*$D40) -> 193.2 | L40: =IF(L$16=0,0,L$16/$D$16*$E40*$D40) -> 193.2 | M40: =IF(M$16=0,0,M$16/$D$16*$E40*$D40) -> 193.2 | N40: =IF(N$16=0,0,N$16/$D$16*$E40*$D40) -> 193.2 | ... Z40: =IF(Z$16=0,0,Z$16/$D$16*$E40*$D40) -> 193.2
B41: фильтр | C41: 20046634 | D41: 452.98 | E41: 1 | G41: =IF(G$16=0,0,G$16/$D$16*$E41*$D41) -> 1358.94 | H41: =IF(H$16=0,0,H$16/$D$16*$E41*$D41) -> 1358.94 | I41: =IF(I$16=0,0,I$16/$D$16*$E41*$D41) -> 1358.94 | J41: =IF(J$16=0,0,J$16/$D$16*$E41*$D41) -> 1358.94 | K41: =IF(K$16=0,0,K$16/$D$16*$E41*$D41) -> 1358.94 | L41: =IF(L$16=0,0,L$16/$D$16*$E41*$D41) -> 1358.94 | M41: =IF(M$16=0,0,M$16/$D$16*$E41*$D41) -> 1358.94 | N41: =IF(N$16=0,0,N$16/$D$16*$E41*$D41) -> 1358.94 | ... Z41: =IF(Z$16=0,0,Z$16/$D$16*$E41*$D41) -> 1358.94
B42: фильтр | C42: UR24465 | D42: 810 | E42: 2
B43: ТО-4 | E43: =VLOOKUP($B43,$B$14:$C$19,2,FALSE) -> 2000 | F43: =VLOOKUP($B43,$B$14:$E$19,4,FALSE) -> 3
B44: масло 680 | C44: 0 | D44: 0 | E44: 80 | G44: =IF(G$17=0,0,G$17/$D$17*$E44*$D44) -> 0 | H44: =IF(H$17=0,0,H$17/$D$17*$E44*$D44) -> 0 | I44: =IF(I$17=0,0,I$17/$D$17*$E44*$D44) -> 0 | J44: =IF(J$17=0,0,J$17/$D$17*$E44*$D44) -> 0 | K44: =IF(K$17=0,0,K$17/$D$17*$E44*$D44) -> 0 | L44: =IF(L$17=0,0,L$17/$D$17*$E44*$D44) -> 0 | M44: =IF(M$17=0,0,M$17/$D$17*$E44*$D44) -> 0 | N44: =IF(N$17=0,0,N$17/$D$17*$E44*$D44) -> 0 | ... Z44: =IF(Z$17=0,0,Z$17/$D$17*$E44*$D44) -> 0
B45: ТО-5 | E45: =VLOOKUP($B45,$B$14:$C$19,2,FALSE) -> 5000 | F45: =VLOOKUP($B45,$B$14:$E$19,4,FALSE) -> 1
B46: фильтр | C46: 20038263 | D46: 3851.98 | E46: 1 | G46: =IF(G$18=0,0,G$18/$D$18*$E46*$D46) -> 3851.98 | H46: =IF(H$18=0,0,H$18/$D$18*$E46*$D46) -> 3851.98 | I46: =IF(I$18=0,0,I$18/$D$18*$E46*$D46) -> 3851.98 | J46: =IF(J$18=0,0,J$18/$D$18*$E46*$D46) -> 3851.98 | K46: =IF(K$18=0,0,K$18/$D$18*$E46*$D46) -> 3851.98 | L46: =IF(L$18=0,0,L$18/$D$18*$E46*$D46) -> 3851.98 | M46: =IF(M$18=0,0,M$18/$D$18*$E46*$D46) -> 3851.98 | N46: =IF(N$18=0,0,N$18/$D$18*$E46*$D46) -> 3851.98 | ... Z46: =IF(Z$18=0,0,Z$18/$D$18*$E46*$D46) -> 3851.98
B47: масло Hydraulic Oil 32 | C47: 0 | D47: 0 | E47: 908 | G47: =IF(G$18=0,0,G$18/$D$18*$E47*$D47) -> 0 | H47: =IF(H$18=0,0,H$18/$D$18*$E47*$D47) -> 0 | I47: =IF(I$18=0,0,I$18/$D$18*$E47*$D47) -> 0 | J47: =IF(J$18=0,0,J$18/$D$18*$E47*$D47) -> 0 | K47: =IF(K$18=0,0,K$18/$D$18*$E47*$D47) -> 0 | L47: =IF(L$18=0,0,L$18/$D$18*$E47*$D47) -> 0 | M47: =IF(M$18=0,0,M$18/$D$18*$E47*$D47) -> 0 | N47: =IF(N$18=0,0,N$18/$D$18*$E47*$D47) -> 0 | ... Z47: =IF(Z$18=0,0,Z$18/$D$18*$E47*$D47) -> 0
B48: фильтр | C48: 55894 | D48: 1901.07 | E48: 1 | G48: =IF(G$18=0,0,G$18/$D$18*$E48*$D48) -> 1901.07 | H48: =IF(H$18=0,0,H$18/$D$18*$E48*$D48) -> 1901.07 | I48: =IF(I$18=0,0,I$18/$D$18*$E48*$D48) -> 1901.07 | J48: =IF(J$18=0,0,J$18/$D$18*$E48*$D48) -> 1901.07 | K48: =IF(K$18=0,0,K$18/$D$18*$E48*$D48) -> 1901.07 | L48: =IF(L$18=0,0,L$18/$D$18*$E48*$D48) -> 1901.07 | M48: =IF(M$18=0,0,M$18/$D$18*$E48*$D48) -> 1901.07 | N48: =IF(N$18=0,0,N$18/$D$18*$E48*$D48) -> 1901.07 | ... Z48: =IF(Z$18=0,0,Z$18/$D$18*$E48*$D48) -> 1901.07
B49: антифриз HD Long Life | C49: 0 | D49: 0 | E49: 662 | G49: =IF(G$18=0,0,G$18/$D$18*$E49*$D49) -> 0 | H49: =IF(H$18=0,0,H$18/$D$18*$E49*$D49) -> 0 | I49: =IF(I$18=0,0,I$18/$D$18*$E49*$D49) -> 0 | J49: =IF(J$18=0,0,J$18/$D$18*$E49*$D49) -> 0 | K49: =IF(K$18=0,0,K$18/$D$18*$E49*$D49) -> 0 | L49: =IF(L$18=0,0,L$18/$D$18*$E49*$D49) -> 0 | M49: =IF(M$18=0,0,M$18/$D$18*$E49*$D49) -> 0 | N49: =IF(N$18=0,0,N$18/$D$18*$E49*$D49) -> 0 | ... Z49: =IF(Z$18=0,0,Z$18/$D$18*$E49*$D49) -> 0
B50: смазка | C50: ЕР 1,5-460 | D50: 0 | E50: 7 | G50: =IF(G$18=0,0,G$18/$D$18*$E50*$D50) -> 0 | H50: =IF(H$18=0,0,H$18/$D$18*$E50*$D50) -> 0 | I50: =IF(I$18=0,0,I$18/$D$18*$E50*$D50) -> 0 | J50: =IF(J$18=0,0,J$18/$D$18*$E50*$D50) -> 0 | K50: =IF(K$18=0,0,K$18/$D$18*$E50*$D50) -> 0 | L50: =IF(L$18=0,0,L$18/$D$18*$E50*$D50) -> 0 | M50: =IF(M$18=0,0,M$18/$D$18*$E50*$D50) -> 0 | N50: =IF(N$18=0,0,N$18/$D$18*$E50*$D50) -> 0 | ... Z50: =IF(Z$18=0,0,Z$18/$D$18*$E50*$D50) -> 0
B51: смазка | C51: ЕР 1,5-460 | D51: 0 | E51: 2.5 | G51: =IF(G$18=0,0,G$18/$D$18*$E51*$D51) -> 0 | H51: =IF(H$18=0,0,H$18/$D$18*$E51*$D51) -> 0 | I51: =IF(I$18=0,0,I$18/$D$18*$E51*$D51) -> 0 | J51: =IF(J$18=0,0,J$18/$D$18*$E51*$D51) -> 0 | K51: =IF(K$18=0,0,K$18/$D$18*$E51*$D51) -> 0 | L51: =IF(L$18=0,0,L$18/$D$18*$E51*$D51) -> 0 | M51: =IF(M$18=0,0,M$18/$D$18*$E51*$D51) -> 0 | N51: =IF(N$18=0,0,N$18/$D$18*$E51*$D51) -> 0 | ... Z51: =IF(Z$18=0,0,Z$18/$D$18*$E51*$D51) -> 0
B52: ТО-6 | E52: =VLOOKUP($B52,$B$14:$C$19,2,FALSE) -> 10000
B53: регулировка ГРМ | E53: 1 | G53: =IF(G$19=0,0,G$19/$D$19*$E53*$D53) -> 0 | H53: =IF(H$19=0,0,H$19/$D$19*$E53*$D53) -> 0 | I53: =IF(I$19=0,0,I$19/$D$19*$E53*$D53) -> 0 | J53: =IF(J$19=0,0,J$19/$D$19*$E53*$D53) -> 0 | K53: =IF(K$19=0,0,K$19/$D$19*$E53*$D53) -> 0 | L53: =IF(L$19=0,0,L$19/$D$19*$E53*$D53) -> 0 | M53: =IF(M$19=0,0,M$19/$D$19*$E53*$D53) -> 0 | N53: =IF(N$19=0,0,N$19/$D$19*$E53*$D53) -> 0 | ... Z53: =IF(Z$19=0,0,Z$19/$D$19*$E53*$D53) -> 0

Sheet Ремонты
B2: ячейки к заполнению поставщиком
B3: Расчетный КТГ | G3: ='Данные-самосвал NHL NTE240'!E12 -> 0.93755029 | H3: ='Данные-самосвал NHL NTE240'!F12 -> 0.93038071 | I3: ='Данные-самосвал NHL NTE240'!G12 -> 0.92090265 | J3: ='Данные-самосвал NHL NTE240'!H12 -> 0.90840582 | K3: ='Данные-самосвал NHL NTE240'!I12 -> 0.93333289 | L3: ='Данные-самосвал NHL NTE240'!J12 -> 0.92172393 | M3: ='Данные-самосвал NHL NTE240'!K12 -> 0.93126858 | N3: ='Данные-самосвал NHL NTE240'!L12 -> 0.91113604 | ... Z3: ='Данные-самосвал NHL NTE240'!X12 -> 0.92201249
B4: Год службы (год) | D4: Ед.изм. | G4: 1 | H4: =G4+1 -> 2 | I4: =H4+1 -> 3 | J4: =I4+1 -> 4 | K4: =J4+1 -> 5 | L4: =K4+1 -> 6 | M4: =L4+1 -> 7 | N4: =M4+1 -> 8 | O4: =N4+1 -> 9 | ... Z4: =Y4+1 -> 20
B5: Наработка на начало года | D5: м/час | G5: 0 | H5: =G6+1 -> 7001 | I5: =H6+1 -> 14001 | J5: =I6+1 -> 21001 | K5: =J6+1 -> 28001 | L5: =K6+1 -> 35001 | M5: =L6+1 -> 42001 | N5: =M6+1 -> 49001 | O5: =N6+1 -> 56001 | ... R5: =Q6+1 -> 77001 | S5: 84001 | T5: 91001 | U5: 98001 | V5: 105001 | W5: 112001 | X5: 119001 | Y5: 126001 | Z5: 133001
B6: Наработка на конец года | D6: м/час | F6: =ТО!F6 -> 7000 | G6: =F6 -> 7000 | H6: =G6+$F6 -> 14000 | I6: =H6+$F6 -> 21000 | J6: =I6+$F6 -> 28000 | K6: =J6+$F6 -> 35000 | L6: =K6+$F6 -> 42000 | M6: =L6+$F6 -> 49000 | N6: =M6+$F6 -> 56000 | O6: =N6+$F6 -> 63000 | ... R6: =Q6+$F6 -> 84000 | S6: 91000 | T6: 98000 | U6: 105000 | V6: 112000 | W6: 119000 | X6: 126000 | Y6: 133000 | Z6: 140000
B8: Простои в ремонтах | D8: часов | G8: =G14 -> 139 | H8: =H14 -> 175 | I8: =I14 -> 289 | J8: =J14 -> 373 | K8: =K14 -> 177 | L8: =L14 -> 253 | M8: =M14 -> 167 | N8: =N14 -> 377 | ... Z8: =Z14 -> 255
B9: Затраты на ремонты | D9: ¥ / год | G9: =SUM(G10:G11) -> 47368 | H9: =SUM(H10:H11) -> 208910.4 | I9: =SUM(I10:I11) -> 3452070.8 | J9: =SUM(J10:J11) -> 1615768.6 | K9: =SUM(K10:K11) -> 263980.14 | L9: =SUM(L10:L11) -> 3339387 | M9: =SUM(M10:M11) -> 191975.74 | N9: =SUM(N10:N11) -> 1760885 | ... Z9: =SUM(Z10:Z11) -> 305348.27
B10: Планово-предупредительные (капитальные) ремонты | D10: ¥ / год | G10: =G61 -> 0 | H10: =H61 -> 151610.4 | I10: =I61 -> 3293540.8 | J10: =J61 -> 1329650.6 | K10: =K61 -> 207444.14 | L10: =L61 -> 3259167 | M10: =M61 -> 47961.74 | N10: =N61 -> 1481261 | ... Z10: =Z61 -> 237352.27
B11: Сервис (трудозатраты) | D11: ¥ / год | G11: =G38*E36 -> 47368 | H11: =H38*E36 -> 57300 | I11: =I38*E36 -> 158530 | J11: =J38*E36 -> 286118 | K11: =K38*E36 -> 56536 | L11: =L38*E36 -> 80220 | M11: =M38*E36 -> 144014 | N11: =N38*E36 -> 279624 | O11: =O38*E36 -> 81748 | P11: =P38*E36 -> 74108 | Q11: =Q38*E36 -> 345328 | R11: =R38*E36 -> 90152 | S11: =S38*E36 -> 67232 | T11: =T38*E36 -> 51188 | U11: =U38*E36 -> 382764 | V11: =V38*E36 -> 82130 | W11: =W38*E36 -> 44312 | X11: =X38*E36 -> 300634 | Y11: =Y38*E36 -> 144014 | Z11: =Z38*E36 -> 67996
B12: Простои в ремонте (час)
B13: Вид ремонта | D13: Ед.изм. | G13: =G4 -> 1 | H13: =H4 -> 2 | I13: =I4 -> 3 | J13: =J4 -> 4 | K13: =K4 -> 5 | L13: =L4 -> 6 | M13: =M4 -> 7 | N13: =N4 -> 8 | ... R13: =R4 -> 12 | S13: 13 | T13: 14 | U13: 15 | V13: 16 | W13: 17 | X13: 18 | Y13: 19 | Z13: 20
B14: Всего простоев | D14: часов | G14: =SUM(G15:G34) -> 139 | H14: =SUM(H15:H34) -> 175 | I14: =SUM(I15:I34) -> 289 | J14: =SUM(J15:J34) -> 373 | K14: =SUM(K15:K34) -> 177 | L14: =SUM(L15:L34) -> 253 | M14: =SUM(M15:M34) -> 167 | N14: =SUM(N15:N34) -> 377 | ... Z14: =SUM(Z15:Z34) -> 255
A15: 1 | B15: Двигатель | D15: часов | E15: 20000 | F15: 1 | G15: 30 | H15: 50 | I15: 60 | J15: 30 | K15: 50 | L15: 60 | M15: 30 | N15: 50 | O15: 60 | P15: 30 | Q15: 50 | R15: 60 | S15: 30 | T15: 50 | U15: 60 | V15: 30 | W15: 50 | X15: 60 | Y15: 30 | Z15: 50
A16: 2 | B16: Турбокомпрессор | D16: часов | E16: 14000 | F16: 4 | G16: 0 | H16: 10 | I16: 0 | J16: 0 | K16: 0 | L16: 10 | M16: 0 | N16: 0 | O16: 0 | P16: 10 | Q16: 0 | R16: 10 | S16: 0 | T16: 10 | U16: 0 | V16: 10 | W16: 0 | X16: 0 | Y16: 0 | Z16: 12
A17: 3 | B17: Блок инжектора | D17: часов | E17: 20000 | F17: 16 | G17: 0 | H17: 0 | I17: 12 | J17: 0 | K17: 0 | L17: 12 | M17: 0 | N17: 0 | O17: 12 | P17: 0 | Q17: 0 | R17: 12 | S17: 0 | T17: 0 | U17: 12 | V17: 0 | W17: 0 | X17: 12 | Y17: 0 | Z17: 0
A18: 4 | B18: Глушитель | D18: часов | E18: 20000 | F18: 1 | G18: 0 | H18: 0 | I18: 2 | J18: 0 | K18: 0 | L18: 2 | M18: 0 | N18: 0 | O18: 2 | P18: 0 | Q18: 0 | R18: 2 | S18: 0 | T18: 0 | U18: 2 | V18: 0 | W18: 0 | X18: 2 | Y18: 0 | Z18: 0
A19: 5 | B19: Главный Генератор | D19: часов | E19: 25000 | F19: 1 | G19: 0 | H19: 0 | I19: 0 | J19: 65 | K19: 0 | L19: 0 | M19: 0 | N19: =J19 -> 65 | O19: 0 | P19: 0 | Q19: =N19 -> 65 | R19: 0 | S19: 0 | T19: 0 | U19: =Q19 -> 65 | V19: 0 | W19: 0 | X19: =U19 -> 65 | Y19: 0 | Z19: 0
A20: 6 | B20: РМК | D20: часов | E20: 25000 | F20: 2 | G20: 0 | H20: 0 | I20: 0 | J20: 12 | K20: 0 | L20: 0 | M20: 0 | N20: =J20 -> 12 | O20: 0 | P20: 0 | Q20: =N20 -> 12 | R20: 0 | S20: 0 | T20: 0 | U20: =Q20 -> 12 | V20: 0 | W20: 0 | X20: =U20 -> 12 | Y20: 0 | Z20: 0
A21: 7 | B21: Ретардер | D21: часов | E21: 25000 | F21: 1 | G21: 0 | H21: 0 | I21: 0 | J21: 4 | K21: 0 | L21: 0 | M21: 0 | N21: =J21 -> 4 | O21: 0 | P21: 0 | Q21: =N21 -> 4 | R21: 0 | S21: 0 | T21: 0 | U21: =Q21 -> 4 | V21: 0 | W21: 0 | X21: =U21 -> 4 | Y21: 0 | Z21: 0
A22: 8 | B22: Регулировка клапанов ГРМ ДВС при ТО6 (10000 м\час) | C22: ТО6-10000 | D22: часов | E22: 20000 | F22: 0 | G22: 0 | H22: 8 | I22: 8 | J22: 0 | K22: 8 | L22: 0 | M22: 8 | N22: 8 | O22: 8 | P22: 0 | Q22: 8 | R22: 8 | S22: 8 | T22: 0 | U22: 8 | V22: 8 | W22: 0 | X22: 8 | Y22: 8 | Z22: 8
A23: 9 | B23: Подвеска (передняя и задняя) | D23: часов | E23: 15000 | F23: 4 | G23: 0 | H23: 0 | I23: 24 | J23: 0 | K23: 0 | L23: 4 | M23: 0 | N23: 0 | O23: 24 | P23: 0 | Q23: 0 | R23: 4 | S23: 0 | T23: 0 | U23: 24 | V23: 0 | W23: 0 | X23: 4 | Y23: 0 | Z23: 0
A24: 10 | B24: Гидроцилиндры цом | D24: часов | E24: 25000 | F24: 2 | G24: 0 | H24: 0 | I24: 0 | J24: 30 | K24: 0 | L24: 0 | M24: 0 | N24: 30 | O24: 0 | P24: 0 | Q24: 0 | R24: 30 | S24: 0 | T24: 0 | U24: 0 | V24: 30 | W24: 0 | X24: 0 | Y24: 0 | Z24: 30
A25: 11 | B25: Гидроцилиндры рул | D25: часов | E25: 20000 | F25: 2 | G25: 0 | H25: 0 | I25: 6 | J25: 0 | K25: 0 | L25: 6 | M25: 0 | N25: 0 | O25: 6 | P25: 0 | Q25: 0 | R25: 6 | S25: 0 | T25: 0 | U25: 6 | V25: 0 | W25: 0 | X25: 6 | Y25: 0 | Z25: 0
A26: 12 | B26: Насос гидравлический | D26: часов | E26: 20000 | F26: 2 | G26: 0 | H26: 0 | I26: 4 | J26: 0 | K26: 0 | L26: 4 | M26: 0 | N26: 0 | O26: 4 | P26: 0 | Q26: 0 | R26: 4 | S26: 0 | T26: 0 | U26: 4 | V26: 0 | W26: 0 | X26: 4 | Y26: 0 | Z26: 0
A27: 13 | B27: Насос рулевой | D27: часов | E27: 20000 | F27: 1 | G27: 0 | H27: 0 | I27: 4 | J27: 0 | K27: 0 | L27: 4 | M27: 0 | N27: 0 | O27: 4 | P27: 0 | Q27: 0 | R27: 4 | S27: 0 | T27: 0 | U27: 4 | V27: 0 | W27: 0 | X27: 4 | Y27: 0 | Z27: 0
A28: 14 | B28: Радиатор | D28: часов | E28: 30000 | F28: 1 | G28: 0 | H28: 0 | I28: 0 | J28: 0 | K28: 6 | L28: 0 | M28: 0 | N28: 0 | O28: 6 | P28: 0 | Q28: 0 | R28: 0 | S28: 6 | T28: 0 | U28: 0 | V28: 0 | W28: 6 | X28: 0 | Y28: 0 | Z28: 0
A29: 15 | B29: Радиатор гидравличекий | D29: часов | E29: 20000 | F29: 1 | G29: 0 | H29: 0 | I29: 5 | J29: 0 | K29: 0 | L29: 5 | M29: 0 | N29: 0 | O29: 5 | P29: 0 | Q29: 0 | R29: 5 | S29: 0 | T29: 0 | U29: 5 | V29: 0 | W29: 0 | X29: 5 | Y29: 0 | Z29: 0
A30: 16 | B30: Вентилятор | D30: часов | E30: 20000 | F30: 1 | G30: 0 | H30: 0 | I30: 6 | J30: 0 | K30: 0 | L30: 6 | M30: 0 | N30: 0 | O30: 6 | P30: 0 | Q30: 0 | R30: 6 | S30: 0 | T30: 0 | U30: 6 | V30: 0 | W30: 0 | X30: 6 | Y30: 0 | Z30: 0
A31: 17 | B31: Водяной насос охлаждения | D31: часов | E31: 20000 | F31: 1 | G31: 0 | H31: 0 | I31: 4 | J31: 0 | K31: 0 | L31: 4 | M31: 0 | N31: 0 | O31: 4 | P31: 0 | Q31: 0 | R31: 4 | S31: 0 | T31: 0 | U31: 4 | V31: 0 | W31: 0 | X31: 4 | Y31: 0 | Z31: 0
A32: 18 | B32: Насос ЦСС | D32: часов | E32: 15000 | F32: 1 | G32: 0 | H32: 0 | I32: 0 | J32: 3 | K32: 0 | L32: 0 | M32: 3 | N32: 0 | O32: 0 | P32: 3 | Q32: 0 | R32: 0 | S32: 3 | T32: 0 | U32: 0 | V32: 3 | W32: 0 | X32: 0 | Y32: 3 | Z32: 0
A33: 19 | B33: Подшипники передней оси | D33: часов | E33: 25000 | F33: 4 | G33: 0 | H33: 0 | I33: 0 | J33: 3 | K33: 0 | L33: 0 | M33: 3 | N33: 0 | O33: 0 | P33: 3 | Q33: 0 | R33: 0 | S33: 3 | T33: 0 | U33: 0 | V33: 3 | W33: 0 | X33: 0 | Y33: 3 | Z33: 0
A34: 20 | B34: Ходовая часть + прочие работы | D34: часов | E34: 14000 | F34: 2 | G34: 109 | H34: 107 | I34: 154 | J34: 226 | K34: 113 | L34: 136 | M34: 123 | N34: 208 | O34: 154 | P34: 141 | Q34: 178 | R34: 174 | S34: 123 | T34: 99 | U34: 251 | V34: 163 | W34: 89 | X34: 215 | Y34: 123 | Z34: 155
B36: Трудозатраты на ремонты (ч/час) | E36: =ТО!F10 -> 191
B37: Вид ремонта | D37: Ед.изм. | E37: Стоимость ч/часа | G37: =G13 -> 1 | H37: =H13 -> 2 | I37: =I13 -> 3 | J37: =J13 -> 4 | K37: =K13 -> 5 | L37: =L13 -> 6 | M37: =M13 -> 7 | N37: =N13 -> 8 | ... R37: =R13 -> 12 | S37: 13 | T37: 14 | U37: 15 | V37: 16 | W37: 17 | X37: 18 | Y37: 19 | Z37: 20
B38: Всего ч/часов | D38: ч/часов | G38: =SUM(G39:G58) -> 248 | H38: =SUM(H39:H58) -> 300 | I38: =SUM(I39:I58) -> 830 | J38: =SUM(J39:J58) -> 1498 | K38: =SUM(K39:K58) -> 296 | L38: =SUM(L39:L58) -> 420 | M38: =SUM(M39:M58) -> 754 | N38: =SUM(N39:N58) -> 1464 | ... Z38: =SUM(Z39:Z58) -> 356
A39: 1 | B39: Двигатель | D39: ч/часов | E39: =E36 -> 191 | G39: 30 | H39: 50 | I39: 450 | J39: 30 | K39: 30 | L39: 50 | M39: 450 | N39: 30 | O39: 30 | P39: 50 | Q39: 450 | R39: 30 | S39: 30 | T39: 50 | U39: 450 | V39: 30 | W39: 30 | X39: 50 | Y39: 450 | Z39: 30
A40: 2 | B40: Турбокомпрессор | D40: ч/часов | E40: 191 | G40: 0 | H40: 20 | I40: 0 | J40: 0 | K40: 0 | L40: 20 | M40: 0 | N40: 0 | O40: 0 | P40: 20 | Q40: 0 | R40: 0 | S40: 0 | T40: 20 | U40: 0 | V40: 0 | W40: 0 | X40: 20 | Y40: 0 | Z40: 0
A41: 3 | B41: Блок инжектора | D41: ч/часов | E41: 191 | G41: 0 | H41: 0 | I41: 6 | J41: 0 | K41: 0 | L41: 0 | M41: 6 | N41: 0 | O41: 0 | P41: 0 | Q41: 6 | R41: 0 | S41: 0 | T41: 0 | U41: 6 | V41: 0 | W41: 0 | X41: 0 | Y41: 6 | Z41: 0
A42: 4 | B42: Глушитель | D42: ч/часов | E42: 191 | G42: 0 | H42: 0 | I42: 4 | J42: 0 | K42: 0 | L42: 4 | M42: 0 | N42: 0 | O42: 4 | P42: 0 | Q42: 0 | R42: 4 | S42: 0 | T42: 0 | U42: 4 | V42: 0 | W42: 0 | X42: 4 | Y42: 0 | Z42: 0
A43: 5 | B43: Главный Генератор | D43: ч/часов | E43: 191 | G43: 0 | H43: 0 | I43: 0 | J43: 200 | K43: 0 | L43: 0 | M43: 0 | N43: =J43 -> 200 | O43: 0 | P43: 0 | Q43: =N43 -> 200 | R43: 0 | S43: 0 | T43: 0 | U43: =Q43 -> 200 | V43: 0 | W43: 0 | X43: =U43 -> 200 | Y43: 0 | Z43: 0
A44: 6 | B44: РМК | D44: ч/часов | E44: 191 | G44: 0 | H44: 0 | I44: 0 | J44: 700 | K44: 0 | L44: 0 | M44: 0 | N44: =J44 -> 700 | O44: 0 | P44: 0 | Q44: =N44 -> 700 | R44: 0 | S44: 0 | T44: 0 | U44: =Q44 -> 700 | V44: 0 | W44: 0 | X44: =U44 -> 700 | Y44: 0 | Z44: 0
A45: 7 | B45: Ретардер | D45: ч/часов | E45: 191 | G45: 0 | H45: 0 | I45: 0 | J45: 80 | K45: 0 | L45: 0 | M45: 0 | N45: =J45 -> 80 | O45: 0 | P45: 0 | Q45: =N45 -> 80 | R45: 0 | S45: 0 | T45: 0 | U45: =Q45 -> 80 | V45: 0 | W45: 0 | X45: =U45 -> 80 | Y45: 0 | Z45: 0
A46: 8 | B46: =B22 -> Регулировка клапанов ГРМ ДВС при ТО6 (10000 м\час) | D46: ч/часов | E46: 191 | G46: 0 | H46: 16 | I46: 16 | J46: 0 | K46: =I46 -> 16 | L46: =J46 -> 0 | M46: =K46 -> 16 | N46: 16 | O46: =M46 -> 16 | P46: 0 | Q46: =O46 -> 16 | R46: 16 | S46: =Q46 -> 16 | T46: 0 | U46: =S46 -> 16 | V46: 16 | W46: 0 | X46: =V46 -> 16 | Y46: 16 | Z46: =X46 -> 16
A47: 9 | B47: Подвеска (передняя и задняя) | D47: ч/часов | E47: 191 | G47: 0 | H47: 0 | I47: 0 | J47: 0 | K47: 0 | L47: 20 | M47: 0 | N47: 0 | O47: 0 | P47: 0 | Q47: 0 | R47: 20 | S47: 0 | T47: 0 | U47: 0 | V47: 0 | W47: 0 | X47: 20 | Y47: 0 | Z47: 0
A48: 10 | B48: Гидроцилиндры цом | D48: ч/часов | E48: 191 | G48: 0 | H48: 0 | I48: 0 | J48: 0 | K48: 0 | L48: 0 | M48: 0 | N48: 22 | O48: 0 | P48: 0 | Q48: 0 | R48: 0 | S48: 0 | T48: 0 | U48: 0 | V48: 22 | W48: 0 | X48: 0 | Y48: 0 | Z48: 0
A49: 11 | B49: Гидроцилиндры рул | D49: ч/часов | E49: 191 | G49: 0 | H49: 0 | I49: 0 | J49: 0 | K49: 0 | L49: 8 | M49: 0 | N49: 0 | O49: 0 | P49: 0 | Q49: 0 | R49: 8 | S49: 0 | T49: 0 | U49: 0 | V49: 0 | W49: 0 | X49: 8 | Y49: 0 | Z49: 0
A50: 12 | B50: Насос гидравлический | D50: ч/часов | E50: 191 | G50: 0 | H50: 0 | I50: 8 | J50: 0 | K50: 0 | L50: 8 | M50: 0 | N50: 0 | O50: 8 | P50: 0 | Q50: 0 | R50: 8 | S50: 0 | T50: 0 | U50: 8 | V50: 0 | W50: 0 | X50: 8 | Y50: 0 | Z50: 0
A51: 13 | B51: Насос рулевой | D51: ч/часов | E51: 191 | G51: 0 | H51: 0 | I51: 8 | J51: 0 | K51: 0 | L51: 8 | M51: 0 | N51: 0 | O51: 8 | P51: 0 | Q51: 0 | R51: 8 | S51: 0 | T51: 0 | U51: 8 | V51: 0 | W51: 0 | X51: 8 | Y51: 0 | Z51: 0
A52: 14 | B52: Радиатор | D52: ч/часов | E52: 191 | G52: 0 | H52: 0 | I52: 0 | J52: 0 | K52: 24 | L52: 0 | M52: 0 | N52: 0 | O52: 24 | P52: 0 | Q52: 0 | R52: 0 | S52: 24 | T52: 0 | U52: 0 | V52: 0 | W52: 24 | X52: 0 | Y52: 0 | Z52: 0
A53: 15 | B53: Радиатор гидравличекий | D53: ч/часов | E53: 191 | G53: 0 | H53: 0 | I53: 10 | J53: 0 | K53: 0 | L53: 10 | M53: 0 | N53: 0 | O53: 10 | P53: 0 | Q53: 0 | R53: 10 | S53: 0 | T53: 0 | U53: 10 | V53: 0 | W53: 0 | X53: 10 | Y53: 0 | Z53: 0
A54: 16 | B54: Вентилятор | D54: ч/часов | E54: 191 | G54: 0 | H54: 0 | I54: 12 | J54: 0 | K54: 0 | L54: 12 | M54: 0 | N54: 0 | O54: 12 | P54: 0 | Q54: 0 | R54: 12 | S54: 0 | T54: 0 | U54: 12 | V54: 0 | W54: 0 | X54: 12 | Y54: 0 | Z54: 0
A55: 17 | B55: Водяной насос охлаждения | D55: ч/часов | E55: 191 | G55: 0 | H55: 0 | I55: 8 | J55: 0 | K55: 0 | L55: 8 | M55: 0 | N55: 0 | O55: 8 | P55: 0 | Q55: 0 | R55: 8 | S55: 0 | T55: 0 | U55: 8 | V55: 0 | W55: 0 | X55: 8 | Y55: 0 | Z55: 0
A56: 18 | B56: Насос ЦСС | D56: ч/часов | E56: 191 | G56: 0 | H56: 0 | I56: 0 | J56: 20 | K56: 0 | L56: 0 | M56: 20 | N56: 0 | O56: 0 | P56: 20 | Q56: 0 | R56: 0 | S56: 20 | T56: 0 | U56: 0 | V56: 20 | W56: 0 | X56: 0 | Y56: 20 | Z56: 0
A57: 19 | B57: Подшипники передней оси | D57: ч/часов | E57: 191 | G57: 0 | H57: 0 | I57: 0 | J57: 16 | K57: 0 | L57: 0 | M57: 16 | N57: 0 | O57: 0 | P57: 16 | Q57: 0 | R57: 0 | S57: 16 | T57: 0 | U57: 0 | V57: 16 | W57: 0 | X57: 0 | Y57: 16 | Z57: 0
A58: 20 | B58: Ходовая часть + прочие работы | D58: ч/часов | E58: 191 | G58: =G34*2 -> 218 | H58: =H34*2 -> 214 | I58: =I34*2 -> 308 | J58: =J34*2 -> 452 | K58: =K34*2 -> 226 | L58: =L34*2 -> 272 | M58: =M34*2 -> 246 | N58: =N34*2 -> 416 | ... Z58: =Z34*2 -> 310
B60: Затраты на ремонты (¥)
B61: Планово-предупредительные (капитальные) ремонты | D61: Стоимость за ед., ¥ | E61: Ресурс до замены / ремонта, м/ч | F61: Кол-во МТР | G61: =SUM(G62:G81) -> 0 | H61: =SUM(H62:H81) -> 151610.4 | I61: =SUM(I62:I81) -> 3293540.8 | J61: =SUM(J62:J81) -> 1329650.6 | K61: =SUM(K62:K81) -> 207444.14 | L61: =SUM(L62:L81) -> 3259167 | M61: =SUM(M62:M81) -> 47961.74 | N61: =SUM(N62:N81) -> 1481261 | ... Z61: =SUM(Z62:Z81) -> 237352.27
A62: 1 | B62: ДВС
A63: 2 | B63: Двигатель | D63: 2327660.9 | E63: 20000 | F63: 1 | G63: 0 | H63: 0 | I63: =$D63*$F63 -> 2327660.9 | J63: 0 | K63: 0 | L63: =$D63*$F63 -> 2327660.9 | M63: 0 | N63: 0 | O63: 5559540 | P63: 0 | Q63: 0 | R63: =$D63*$F63 -> 2327660.9 | S63: 0 | T63: 0 | U63: =$D63*$F63 -> 2327660.9 | V63: 0 | W63: 0 | X63: 5559540 | Y63: 0 | Z63: 0
A64: 3 | B64: Турбокомпрессор | D64: 107587.4 | E64: 14000 | F64: 4 | G64: 0 | H64: 107587.4 | I64: 0 | J64: 0 | K64: 107587.4 | L64: 0 | M64: 0 | N64: 107587.4 | O64: 0 | P64: 0 | Q64: 107587.4 | R64: 0 | S64: 0 | T64: 107587.4 | U64: 0 | V64: 0 | W64: 107587.4 | X64: 0 | Y64: 0 | Z64: 107587.4
A65: 4 | B65: Блок инжектора | D65: 34579.09 | E65: 20000 | F65: 16 | G65: 0 | H65: 0 | I65: 34579.09 | J65: 0 | K65: 0 | L65: 34579.09 | M65: 0 | N65: 0 | O65: 34579.09 | P65: 0 | Q65: 0 | R65: 34579.09 | S65: 0 | T65: 0 | U65: 34579.09 | V65: 0 | W65: 0 | X65: 34579.09 | Y65: 0 | Z65: 0
A66: 5 | B66: Глушитель | D66: 9439.29 | E66: 20000 | F66: 1 | G66: 0 | H66: 0 | I66: 9439.29 | J66: 0 | K66: 0 | L66: 9439.29 | M66: 0 | N66: 0 | O66: 9439.29 | P66: 0 | Q66: 0 | R66: 9439.29 | S66: 0 | T66: 0 | U66: 9439.29 | V66: 0 | W66: 0 | X66: 9439.29 | Y66: 0 | Z66: 0
A67: 6 | B67: Главный Генератор | D67: 33592.96 | E67: 25000 | F67: 1 | G67: 0 | H67: 0 | I67: 0 | J67: 33592.96 | K67: 0 | L67: 0 | M67: 0 | N67: 33592.96 | O67: 0 | P67: 0 | Q67: 2676370.1 | R67: 0 | S67: 0 | T67: 0 | U67: 33592.96 | V67: 0 | W67: 0 | X67: 33592.96 | Y67: 0 | Z67: 0
A68: 7 | B68: РМК | D68: 542755.97 | E68: 25000 | F68: 2 | G68: 0 | H68: 0 | I68: 0 | J68: 1085511.9 | K68: 0 | L68: 0 | M68: 0 | N68: 1085511.9 | O68: 0 | P68: 0 | Q68: =5867425.2*2 -> 11734850 | R68: 0 | S68: 0 | T68: 0 | U68: 1085511.9 | V68: 0 | W68: 0 | X68: 1085511.9 | Y68: 0 | Z68: 0
A69: 8 | B69: Ретардер | D69: 128694.84 | E69: 25000 | F69: 1 | G69: 0 | H69: 0 | I69: 0 | J69: 128694.84 | K69: 0 | L69: 0 | M69: 0 | N69: 128694.84 | O69: 0 | P69: 0 | Q69: 128694.84 | R69: 0 | S69: 0 | T69: 0 | U69: 128694.84 | V69: 0 | W69: 0 | X69: 128694.84 | Y69: 0 | Z69: 0
A70: 9 | B70: Подвеска (передняя и задняя) | D70: 36095.04 | E70: 20000 | F70: 4 | G70: 0 | H70: 0 | I70: =36095.04+H70 -> 36095.04 | J70: 0 | K70: 0 | L70: 49683 | M70: 0 | N70: 0 | O70: =36095.04+N70 -> 36095.04 | P70: 0 | Q70: 0 | R70: 49683 | S70: 0 | T70: 0 | U70: =36095.04+T70 -> 36095.04 | V70: 0 | W70: 0 | X70: 49683 | Y70: 0 | Z70: 0
A71: 10 | B71: Гидроцилиндры цом | D71: 33889.12 | E71: 25000 | F71: 2 | G71: 0 | H71: 0 | I71: 0 | J71: 33889.12 | K71: 0 | L71: 0 | M71: 0 | N71: 33889.12 | O71: 0 | P71: 0 | Q71: 33889.12 | R71: 0 | S71: 0 | T71: 0 | U71: 33889.12 | V71: 0 | W71: 0 | X71: 33889.12 | Y71: 0 | Z71: 0
A72: 11 | B72: Гидроцилиндры рул | D72: 4198.2 | E72: 20000 | F72: 2 | G72: 0 | H72: 0 | I72: 4198.2 | J72: 0 | K72: 0 | L72: 4198.2 | M72: 0 | N72: 0 | O72: 4198.2 | P72: 0 | Q72: 0 | R72: 4198.2 | S72: 0 | T72: 0 | U72: 4198.2 | V72: 4198.2 | W72: 0 | X72: 4198.2 | Y72: 0 | Z72: 4198.2
A73: 12 | B73: Насос гидравлический | D73: 76284.34 | E73: 20000 | F73: 1 | G73: 0 | H73: 0 | I73: 76284.34 | J73: 0 | K73: 0 | L73: 76284.34 | M73: 0 | N73: 0 | O73: 76284.34 | P73: 0 | Q73: 0 | R73: 76284.34 | S73: 0 | T73: 0 | U73: 76284.34 | V73: 0 | W73: 0 | X73: 76284.34 | Y73: 0 | Z73: 76284.34
A74: 13 | B74: Насос рулевой | D74: 49282.33 | E74: 20000 | F74: 1 | G74: 0 | H74: 0 | I74: 49282.33 | J74: 0 | K74: 0 | L74: 49282.33 | M74: 0 | N74: 0 | O74: 49282.33 | P74: 0 | Q74: 0 | R74: 49282.33 | S74: 0 | T74: 0 | U74: 49282.33 | V74: 0 | W74: 0 | X74: 49282.33 | Y74: 0 | Z74: 49282.33
A75: 14 | B75: Радиатор | D75: 504000 | E75: 20000 | F75: 1 | G75: 0 | H75: 0 | I75: 504000 | J75: 0 | K75: 0 | L75: 504000 | M75: 0 | N75: 0 | O75: 504000 | P75: 0 | Q75: 0 | R75: 504000 | S75: 0 | T75: 0 | U75: 504000 | V75: 0 | W75: 0 | X75: 504000 | Y75: 0 | Z75: 0
A76: 15 | B76: Радиатор гидравличекий | D76: 7872 | E76: 30000 | F76: 1 | G76: 0 | H76: 0 | I76: 0 | J76: 0 | K76: 7872 | L76: 0 | M76: 0 | N76: 0 | O76: 7872 | P76: 0 | Q76: 0 | R76: 0 | S76: 7872 | T76: 0 | U76: 0 | V76: 0 | W76: 0 | X76: 7872 | Y76: 0 | Z76: 0
A77: 16 | B77: Вентилятор | D77: 69523.91 | E77: 20000 | F77: 1 | G77: 0 | H77: 0 | I77: 69523.91 | J77: 0 | K77: 0 | L77: 69523.91 | M77: 0 | N77: 0 | O77: 69523.91 | P77: 0 | Q77: 0 | R77: 69523.91 | S77: 0 | T77: 0 | U77: 69523.91 | V77: 0 | W77: 0 | X77: 69523.91 | Y77: 0 | Z77: 0
A78: 17 | B78: Водяной насос охлаждения | D78: 90492.93 | E78: 20000 | F78: 1 | G78: 0 | H78: 0 | I78: 90492.93 | J78: 0 | K78: 0 | L78: 90492.93 | M78: 0 | N78: 0 | O78: 90492.93 | P78: 0 | Q78: 0 | R78: 90492.93 | S78: 0 | T78: 0 | U78: 90492.93 | V78: 0 | W78: 0 | X78: 90492.93 | Y78: 0 | Z78: 0
A79: 18 | B79: Насос ЦСС | D79: 47961.74 | E79: 15000 | F79: 1 | G79: 0 | H79: 0 | I79: 47961.74 | J79: 0 | K79: 47961.74 | L79: 0 | M79: 47961.74 | N79: 0 | O79: 47961.74 | P79: 0 | Q79: 47961.74 | R79: 0 | S79: 47961.74 | T79: 0 | U79: 0 | V79: 47961.74 | W79: 0 | X79: 47961.74 | Y79: 0 | Z79: 0
A80: 19 | B80: Подшипники передней оси | D80: 47961.74 | E80: 25000 | F80: 2 | G80: 0 | H80: 0 | I80: 0 | J80: 47961.74 | K80: 0 | L80: 0 | M80: 0 | N80: 47961.74 | O80: 0 | P80: 0 | Q80: 47961.74 | R80: 0 | S80: 0 | T80: 0 | U80: 47961.74 | V80: 0 | W80: 0 | X80: 47961.74 | Y80: 0 | Z80: 0
A81: 20 | B81: Ходовая часть + прочие работы | D81: 44023 | E81: 10000 | F81: 1 | G81: 0 | H81: 44023 | I81: 44023 | J81: 0 | K81: 44023 | L81: 44023 | M81: 0 | N81: 44023 | O81: 44023 | P81: 44023 | Q81: 0 | R81: 44023 | S81: 44023 | T81: 0 | U81: 44023 | V81: 44023 | W81: 0 | X81: 44023 | Y81: 44023 | Z81: 0
